ITEM_ID,CREATION_TIMESTAMP,TITLE,TAG
1,1596175162,그림을 그리는 일,드라마|스토리
2,1595481810,유진의 환상특급열차 vol.1,에피소드|판타지|옴니버스
3,1565932023,회사원 채대리,에피소드|옴니버스
4,1596174471,뿌리네 이야기,소년물|에피소드|판타지
5,1596174617,논스톱 서브웨이,로맨스|옴니버스|멜로
6,1594259547,보다,소년물|유머
7,1585544839,조선롹스타,드라마|유머
8,1582594323,낭만도시,로맨스|유머|멜로
9,1591167401,꿈의 반려,소년물|에피소드|유머
10,1572506127,꼬꼬댁 대소동,소년물|에피소드|학원
11,1596503100,별이 내린 여름날,에피소드
12,1584594563,사랑을 너에게,소년물|에피소드
13,1588132698,종이비행기를 날리면,미스터리|옴니버스
14,1589324292,"그때, 우리가 있었던 계절",에피소드|로맨스|옴니버스
15,1565931279,환상여행,에피소드|판타지|옴니버스
16,1596097835,화초 죽이기,에피소드|로맨스|옴니버스
17,1592356793,섬의 봄,드라마|스토리
18,1580799734,고냥 일기,드라마|에피소드|로맨스
19,1565932210,나는 슬기,드라마|판타지|스토리
20,1565931645,요괴 뚝딱 한끼 뚝딱,에피소드|판타지|스토리
21,1591062026,My Killer,소년물|옴니버스
22,1588587750,안녕안녕해,드라마|에피소드|스토리
23,1596502687,은퇴 요리사,소년물|에피소드|판타지
24,1581415180,별일 없이 산다,에피소드|판타지|옴니버스
25,1565932311,이웃집 남녀 in 교토,소년물|미스터리|옴니버스
26,1589848359,오버사이즈 러브,소년물|에피소드|판타지
27,1583215147,개구리공주,에피소드|판타지|옴니버스
28,1565932588,"안녕 이바, 안녕 나의 고양이",소년물|옴니버스
29,1594798587,직장인 감자,에피소드|학원
30,1596502543,나사들의 이야기,판타지|옴니버스
31,1592899987,만화경 편집부는 9층입니다,소년물|판타지|옴니버스
32,1596676612,Return,에피소드|스토리
33,1595826338,가가바이러스,옴니버스|일상
34,1586420909,오픈했어요 매직컬 마카롱,드라마|에피소드|판타지
35,1596174780,페어리링,에피소드|판타지|옴니버스
36,1565931513,좋은 남편,로맨스|옴니버스
37,1569996164,매화꽃이 피었나이다,소년물|유머|스토리
38,1565931728,오목왕,소년물|미스터리
39,1565930890,너의 행성 B126으로,소년물|로맨스|학원
40,1565932487,나의 연애 D-day,소년물|로맨스|옴니버스
41,1565932124,동네 한 바퀴,에피소드|로맨스|옴니버스
42,1585735155,그리고 또,로맨스|학원
43,1584434163,곁에,에피소드|판타지
44,1597107090,다름이 아니라,소년물|드라마|에피소드
45,1596174213,결혼교과시간,에피소드|판타지
46,1565931012,윌슨가의 비밀,에피소드|로맨스
47,1565932381,가슴으로 들어요,소년물|드라마|판타지
48,1577762836,Winter Game,에피소드|옴니버스|학원
49,1567572438,오늘을 살아본 게 아니잖아,소년물|드라마|판타지
50,1586231917,눈맞춤,소년물|미스터리|옴니버스
51,1575529855,매일 한 칸씩,소년물|드라마|판타지
52,1565931151,홈리스 탐정,드라마|판타지|유머
53,1577756415,"어느 날, 문득",판타지|옴니버스
54,1596502313,하루의 끝을 당신과,소년물|에피소드|미스터리